datetime,portfolio_value,cash,return
2022-12-12 09:30:00-05:00,100000.0,100000.0,
2022-12-13 09:30:00-05:00,100161.1001586914,96058.90014648438,0.0016110015869139627
2022-12-14 09:30:00-05:00,100075.0,96058.90014648438,-0.0008596167429769652
2022-12-15 09:30:00-05:00,100001.90002441406,96058.90014648438,-0.0007304519169216706
2022-12-16 09:30:00-05:00,99910.70007324219,96058.90014648438,-0.0009119821838345921
2022-12-17 09:30:00-05:00,99910.70007324219,96058.90014648438,0.0
2022-12-19 09:30:00-05:00,99911.4101586914,96076.71014648437,7.10720121754882e-06
2022-12-20 09:30:00-05:00,99869.01025634765,96076.71014648437,-0.0004243749765557858
2022-12-21 09:30:00-05:00,99909.21014648437,96076.71014648437,0.00040252616936453656
2022-12-22 09:30:00-05:00,99907.21002441406,96076.71014648437,-2.00193962837103e-05
2022-12-23 09:30:00-05:00,99873.21008544922,96076.71014648437,-0.0003403151680096972
2022-12-24 09:30:00-05:00,99873.21008544922,96076.71014648437,0.0
2022-12-27 09:30:00-05:00,99904.61023193359,96076.71014648437,0.00031440009245242706
2022-12-28 09:30:00-05:00,99890.01001220703,96076.71014648437,-0.00014614160140025145
2022-12-29 09:30:00-05:00,99873.0101953125,96076.71014648437,-0.00017018535579738092
2022-12-30 09:30:00-05:00,99883.11029296875,96076.71014648437,0.00010112940059081588
2022-12-31 09:30:00-05:00,99883.11029296875,96076.71014648437,0.0
2023-01-03 09:30:00-05:00,99920.41009765625,96076.71014648437,0.00037343455343052945
2023-01-04 09:30:00-05:00,99908.51007324219,96076.71014648437,-0.00011909503176010805
2023-01-05 09:30:00-05:00,99893.9101586914,96076.71014648437,-0.00014613284233822021
2023-01-06 09:30:00-05:00,99902.81,96076.71014648437,8.909293163572585e-05
2023-01-07 09:30:00-05:00,99902.81,96076.71014648437,0.0
2023-01-09 09:30:00-05:00,99980.41009765625,96076.71014648437,0.0007767559056270912
2023-01-10 09:30:00-05:00,99949.21014648437,96076.71014648437,-0.0003120606440941698
2023-01-11 09:30:00-05:00,99999.01025634765,96076.71014648437,0.0004982541611913138
2023-01-12 09:30:00-05:00,100043.41028076172,96076.71014648437,0.00044400463864824324
2023-01-13 09:30:00-05:00,100012.91009765625,96076.71014648437,-0.00030486948635466415
2023-01-14 09:30:00-05:00,100012.91009765625,96076.71014648437,0.0
2023-01-17 09:30:00-05:00,100061.51025634765,96076.71014648437,0.00048593885173375817
2023-01-18 09:30:00-05:00,100066.81024414062,96076.71014648437,5.296729760906338e-05
2023-01-19 09:30:00-05:00,99970.31,96076.71014648437,-0.0009643581513709698
2023-01-20 09:30:00-05:00,99977.71020751953,96076.71014648437,7.402405293666092e-05
2023-01-21 09:30:00-05:00,99977.71020751953,96076.71014648437,0.0
2023-01-23 09:30:00-05:00,100043.9101586914,96076.71014648437,0.0006621471029339965
2023-01-24 09:30:00-05:00,100065.5101953125,96076.71014648437,0.0002159055617361183
2023-01-25 09:30:00-05:00,100036.21026855469,96076.71014648437,-0.00029280744884652155
2023-01-26 09:30:00-05:00,100108.0101953125,96076.71014648437,0.0007177393722239689
2023-01-27 09:30:00-05:00,100113.31018310547,96076.71014648437,5.2942694422020153e-05
2023-01-28 09:30:00-05:00,100113.31018310547,96076.71014648437,0.0
2023-01-30 09:30:00-05:00,100104.71002441406,96076.71014648437,-8.590424865262403e-05
2023-01-31 09:30:00-05:00,100088.0101953125,96076.71014648437,-0.00016682360997288814
2023-02-01 09:30:00-05:00,100128.81006103515,96076.71014648437,0.00040763989256098476
2023-02-02 09:30:00-05:00,100225.31,96076.71014648437,0.0009637579724159906
2023-02-03 09:30:00-05:00,100192.61010986328,96076.71014648437,-0.0003262637964075443
2023-02-04 09:30:00-05:00,100192.61010986328,96076.71014648437,0.0
2023-02-06 09:30:00-05:00,100174.61023193359,96076.71014648437,-0.00017965274993780866
2023-02-07 09:30:00-05:00,100165.41009765625,96076.71014648437,-9.184097902692478e-05
2023-02-08 09:30:00-05:00,100208.0101953125,96076.71014648437,0.00042529749156638985
2023-02-09 09:30:00-05:00,100220.81018310547,96076.71014648437,0.00012773417781697383
2023-02-10 09:30:00-05:00,100135.31,96076.71014648437,-0.0008531180595053867
2023-02-11 09:30:00-05:00,100135.31,96076.71014648437,0.0
2023-02-13 09:30:00-05:00,100163.9101586914,96076.71014648437,0.00028561512109370746
2023-02-14 09:30:00-05:00,100189.11004882812,96076.71014648437,0.000251586525493952
2023-02-15 09:30:00-05:00,100180.21020751953,96076.71014648437,-8.883042582430445e-05
2023-02-16 09:30:00-05:00,100164.61023193359,96076.71014648437,-0.00015571913408474192
2023-02-17 09:30:00-05:00,100137.31012207031,96076.71014648437,-0.00027255244941370993
2023-02-18 09:30:00-05:00,100137.31012207031,96076.71014648437,0.0
2023-02-21 09:30:00-05:00,100107.31012207031,96076.71014648437,-0.0002995886344803189
2023-02-22 09:30:00-05:00,100071.91003662109,96076.71014648437,-0.0003536213829544721
2023-02-23 09:30:00-05:00,100092.31012207031,96076.71014648437,0.00020385426281710473
2023-02-24 09:30:00-05:00,100030.91028076172,96076.71014648437,-0.0006134321531165998
2023-02-25 09:30:00-05:00,100030.91028076172,96076.71014648437,0.0
2023-02-27 09:30:00-05:00,100075.41009765625,96076.71014648437,0.0004448606612659223
2023-02-28 09:30:00-05:00,100049.01025634765,96076.71014648437,-0.0002637994816392375
2023-03-01 09:30:00-05:00,100030.81018310547,96076.71014648437,-0.0001819115770915758
2023-03-02 09:30:00-05:00,100003.51007324219,96076.71014648437,-0.0002729170124016189
2023-03-03 09:30:00-05:00,100073.81006103515,96076.71014648437,0.0007029752029852343
2023-03-04 09:30:00-05:00,100073.81006103515,96076.71014648437,0.0
2023-03-06 09:30:00-05:00,100127.21002441406,96076.71014648437,0.0005336057790379378
2023-03-07 09:30:00-05:00,100120.91028076172,96076.71014648437,-6.291739928443452e-05
2023-03-08 09:30:00-05:00,100060.61029296875,96076.71014648437,-0.0006022716695630592
2023-03-09 09:30:00-05:00,100074.11004882812,96076.71014648437,0.00013491578574065244
2023-03-10 09:30:00-05:00,99986.61004882812,96076.71014648437,-0.000874352017293023
2023-03-11 09:30:00-05:00,99986.61004882812,96076.71014648437,0.0
2023-03-13 09:30:00-04:00,99981.71014648437,96076.71014648437,-4.9005585261441276e-05
2023-03-14 09:30:00-04:00,99935.61029296875,96076.71014648437,-0.0004610828665371214
2023-03-15 09:30:00-04:00,99944.91021972656,96076.71014648437,9.305918811675085e-05
2023-03-16 09:30:00-04:00,100008.9101586914,96076.71014648437,0.0006403521582454275
2023-03-17 09:30:00-04:00,100008.9101586914,96076.71014648437,0.0
2023-03-18 09:30:00-04:00,100008.9101586914,96076.71014648437,0.0
2023-03-20 09:30:00-04:00,100049.11004882812,96076.71014648437,0.0004019630858183021
2023-03-21 09:30:00-04:00,100064.01025634765,96076.71014648437,0.00014892893612206137
2023-03-22 09:30:00-04:00,100027.61010986328,96076.71014648437,-0.00036376861562037455
2023-03-23 09:30:00-04:00,99995.11010986328,96076.71014648437,-0.00032491029191139553
2023-03-24 09:30:00-04:00,99995.11010986328,96076.71014648437,0.0
2023-03-25 09:30:00-04:00,99995.11010986328,96076.71014648437,0.0
2023-03-27 09:30:00-04:00,100034.41003662109,96076.71014648437,0.0003930184857503516
2023-03-28 09:30:00-04:00,100076.01007324219,96076.71014648437,0.00041585726957227287
2023-03-29 09:30:00-04:00,100117.61010986328,96076.71014648437,0.0004156844041909302
2023-03-30 09:30:00-04:00,100123.31018310547,96076.71014648437,5.693377254933907e-05
2023-03-31 09:30:00-04:00,100123.31018310547,96076.71014648437,0.0
2023-04-01 09:30:00-04:00,100123.31018310547,96076.71014648437,0.0
2023-04-03 09:30:00-04:00,100192.91009765625,96076.71014648437,0.0006951419646783474
2023-04-04 09:30:00-04:00,100155.81018310547,96076.71014648437,-0.00037028482868317614
2023-04-05 09:30:00-04:00,100144.41003662109,96076.71014648437,-0.00011382411528126912
2023-04-06 09:30:00-04:00,100144.41003662109,96076.71014648437,0.0
2023-04-07 09:30:00-04:00,100144.41003662109,96076.71014648437,0.0
2023-04-10 09:30:00-04:00,100179.31024414062,96076.71014648437,0.0003484988079391904
2023-04-11 09:30:00-04:00,100195.41009765625,96076.71014648437,0.0001607103650083097
2023-04-12 09:30:00-04:00,100168.51007324219,96076.71014648437,-0.0002684756156778878
2023-04-13 09:30:00-04:00,100204.81012207031,96076.71014648437,0.00036238982492187155
2023-04-14 09:30:00-04:00,100204.81012207031,96076.71014648437,0.0
2023-04-15 09:30:00-04:00,100204.81012207031,96076.71014648437,0.0
2023-04-17 09:30:00-04:00,100232.51001220703,96076.71014648437,0.0002764327391366894
2023-04-18 09:30:00-04:00,100198.9101586914,96076.71014648437,-0.00033521911714606833
2023-04-19 09:30:00-04:00,100188.81006103515,96076.71014648437,-0.00010080047417937443
2023-04-20 09:30:00-04:00,100198.61017089844,96076.71014648437,9.781641140671482e-05
2023-04-21 09:30:00-04:00,100198.61017089844,96076.71014648437,0.0
2023-04-22 09:30:00-04:00,100198.61017089844,96076.71014648437,0.0
2023-04-24 09:30:00-04:00,100182.51001220703,96076.71014648437,-0.00016068245521516644
2023-04-25 09:30:00-04:00,100143.9101586914,96076.71014648437,-0.00038529533259767934
2023-04-26 09:30:00-04:00,100146.71014648437,96076.71014648437,2.7959641165642424e-05
2023-04-27 09:30:00-04:00,100191.61004882812,96076.71014648437,0.0004483412613163207
2023-04-28 09:30:00-04:00,100191.61004882812,96076.71014648437,0.0
2023-04-29 09:30:00-04:00,100191.61004882812,96076.71014648437,0.0
2023-05-01 09:30:00-04:00,100224.41003662109,96076.71014648437,0.00032737259913262484
2023-05-02 09:30:00-04:00,100190.31,96076.71014648437,-0.00034023684059236725
2023-05-03 09:30:00-04:00,100146.01007324219,96076.71014648437,-0.00044215779707446057
2023-05-04 09:30:00-04:00,100165.81018310547,96076.71014648437,0.00019771241858568267
2023-05-05 09:30:00-04:00,100165.81018310547,96076.71014648437,0.0
2023-05-06 09:30:00-04:00,100165.81018310547,96076.71014648437,0.0
2023-05-08 09:30:00-04:00,100188.0101953125,96076.71014648437,0.0002216326325963358
2023-05-09 09:30:00-04:00,100215.5101953125,96076.71014648437,0.0002744839422041956
2023-05-10 09:30:00-04:00,100196.21026855469,96076.71014648437,-0.00019258422893020377
2023-05-11 09:30:00-04:00,100210.91028076172,96076.71014648437,0.0001467122575558033
2023-05-12 09:30:00-04:00,100210.91028076172,96076.71014648437,0.0
2023-05-13 09:30:00-04:00,100210.91028076172,96076.71014648437,0.0
2023-05-15 09:30:00-04:00,100195.31,96076.71014648437,-0.0001556744741466609
2023-05-16 09:30:00-04:00,100200.21020751953,96076.71014648437,4.890655580114256e-05
2023-05-17 09:30:00-04:00,100225.71008544922,96076.71014648437,0.00025448926580962095
2023-05-18 09:30:00-04:00,100278.41028076172,96076.71014648437,0.0005258151353337848
2023-05-19 09:30:00-04:00,100278.41028076172,96076.71014648437,0.0
2023-05-20 09:30:00-04:00,100278.41028076172,96076.71014648437,0.0
2023-05-22 09:30:00-04:00,100247.51001220703,96076.71014648437,-0.00030814477880303226
2023-05-23 09:30:00-04:00,100200.91028076172,96076.71014648437,-0.00046484677215063996
2023-05-24 09:30:00-04:00,100224.11004882812,96076.71014648437,0.00023153250805219017
2023-05-25 09:30:00-04:00,100230.01001220703,96076.71014648437,5.886770534591079e-05
2023-05-26 09:30:00-04:00,100230.01001220703,96076.71014648437,0.0
2023-05-27 09:30:00-04:00,100230.01001220703,96076.71014648437,0.0
2023-05-30 09:30:00-04:00,100259.51013427734,96076.71014648437,0.0002943242454702677
2023-05-31 09:30:00-04:00,100257.61010986328,96076.71014648437,-1.8951064208461155e-05
2023-06-01 09:30:00-04:00,100321.71014648437,96076.71014648437,0.000639353327401837
2023-06-02 09:30:00-04:00,100321.71014648437,96076.71014648437,0.0
2023-06-03 09:30:00-04:00,100321.71014648437,96076.71014648437,0.0
2023-06-05 09:30:00-04:00,100343.41028076172,96076.71014648437,0.0002163054661414865
2023-06-06 09:30:00-04:00,100361.11017089844,96076.71014648437,0.00017639314915851578
2023-06-07 09:30:00-04:00,100342.91009765625,96076.71014648437,-0.0001813458740262952
2023-06-08 09:30:00-04:00,100376.31006103515,96076.71014648437,0.0003328582293098403
2023-06-09 09:30:00-04:00,100376.31006103515,96076.71014648437,0.0
2023-06-10 09:30:00-04:00,100376.31006103515,96076.71014648437,0.0
2023-06-12 09:30:00-04:00,100429.91021972656,96076.71014648437,0.000533992120838267
2023-06-13 09:30:00-04:00,100446.81024414062,96076.71014648437,0.00016827680495867803
2023-06-14 09:30:00-04:00,100440.01001220703,96076.71014648437,-6.769982956222886e-05
2023-06-15 09:30:00-04:00,100506.91003662109,96076.71014648437,0.0006660694717766091
2023-06-16 09:30:00-04:00,100506.91003662109,96076.71014648437,0.0
2023-06-17 09:30:00-04:00,100506.91003662109,96076.71014648437,0.0
2023-06-20 09:30:00-04:00,100438.31018310547,96076.71014648437,-0.000682538678093203
2023-06-21 09:30:00-04:00,100416.21026855469,96076.71014648437,-0.00022003471096332383
2023-06-22 09:30:00-04:00,100406.01007324219,96076.71014648437,-0.0001015791701879376
2023-06-23 09:30:00-04:00,100406.01007324219,96076.71014648437,0.0
2023-06-24 09:30:00-04:00,100406.01007324219,96076.71014648437,0.0
2023-06-26 09:30:00-04:00,100400.21020751953,96076.71014648437,-5.776412904390238e-05
2023-06-27 09:30:00-04:00,100427.21002441406,96076.71014648437,0.00026892191598726356
2023-06-28 09:30:00-04:00,100436.31006103515,96076.71014648437,9.061325729242675e-05
2023-06-29 09:30:00-04:00,100491.11017089844,96076.71014648437,0.000545620501489763
2023-06-30 09:30:00-04:00,100491.11017089844,96076.71014648437,0.0
2023-07-01 09:30:00-04:00,100491.11017089844,96076.71014648437,0.0
2023-07-03 09:30:00-04:00,100505.91028076172,96076.71014648437,0.00014727780236589716
2023-07-04 09:30:00-04:00,100495.81018310547,96076.71014648437,-0.00010049257429767255
2023-07-05 09:30:00-04:00,100470.91028076172,96076.71014648437,-0.0002477705518109108
2023-07-06 09:30:00-04:00,100463.0101953125,96076.71014648437,-7.863057503054716e-05
2023-07-07 09:30:00-04:00,100463.0101953125,96076.71014648437,0.0
2023-07-08 09:30:00-04:00,100463.0101953125,96076.71014648437,0.0
2023-07-10 09:30:00-04:00,100481.21026855469,96076.71014648437,0.0001811619341964832
2023-07-11 09:30:00-04:00,100540.61029296875,96076.71014648437,0.0005911555429647386
2023-07-12 09:30:00-04:00,100555.71008544922,96076.71014648437,0.00015018600380956038
2023-07-13 09:30:00-04:00,100581.51025634765,96076.71014648437,0.0002565758908819049
2023-07-14 09:30:00-04:00,100581.51025634765,96076.71014648437,0.0
2023-07-15 09:30:00-04:00,100581.51025634765,96076.71014648437,0.0
2023-07-17 09:30:00-04:00,100581.71014648437,96076.71014648437,1.9873447536511435e-06
2023-07-18 09:30:00-04:00,100626.81024414062,96076.71014648437,0.000448392631131167
2023-07-19 09:30:00-04:00,100618.41028076172,96076.71014648437,-8.34763951925721e-05
2023-07-20 09:30:00-04:00,100616.31006103515,96076.71014648437,-2.087311577181339e-05
2023-07-21 09:30:00-04:00,100616.31006103515,96076.71014648437,0.0
2023-07-22 09:30:00-04:00,100616.31006103515,96076.71014648437,0.0
2023-07-24 09:30:00-04:00,100615.91028076172,96076.71014648437,-3.9733147955134385e-06
2023-07-25 09:30:00-04:00,100621.4101586914,96076.71014648437,5.466210974325314e-05
2023-07-26 09:30:00-04:00,100666.91003662109,96076.71014648437,0.00045218883195863313
2023-07-27 09:30:00-04:00,100635.5101953125,96076.71014648437,-0.0003119181993086473
2023-07-28 09:30:00-04:00,100635.5101953125,96076.71014648437,0.0
2023-07-29 09:30:00-04:00,100635.5101953125,96076.71014648437,0.0
2023-07-31 09:30:00-04:00,100639.41003662109,96076.71014648437,3.87521392899437e-05
2023-08-01 09:30:00-04:00,100609.21014648437,96076.71014648437,-0.00030008015871441085
2023-08-02 09:30:00-04:00,100557.11023193359,96076.71014648437,-0.0005178443849715997
2023-08-03 09:30:00-04:00,100583.9101586914,96076.71014648437,0.0002665144880953374
2023-08-04 09:30:00-04:00,100583.9101586914,96076.71014648437,0.0
2023-08-05 09:30:00-04:00,100583.9101586914,96076.71014648437,0.0
2023-08-07 09:30:00-04:00,100557.51001220703,96076.71014648437,-0.0002624688823761323
2023-08-08 09:30:00-04:00,100567.01013427734,96076.71014648437,9.447451581845456e-05
2023-08-09 09:30:00-04:00,100558.61017089844,96076.71014648437,-8.352603271877257e-05
2023-08-10 09:30:00-04:00,100516.4101586914,96076.71014648437,-0.00041965588163273004
2023-08-11 09:30:00-04:00,100516.4101586914,96076.71014648437,0.0
2023-08-12 09:30:00-04:00,100516.4101586914,96076.71014648437,0.0
2023-08-14 09:30:00-04:00,100539.41003662109,96076.71014648437,0.00022881714431877143
2023-08-15 09:30:00-04:00,100501.31006103515,96076.71014648437,-0.0003789556311506459
2023-08-16 09:30:00-04:00,100488.31018310547,96076.71014648437,-0.0001293503330632717
2023-08-17 09:30:00-04:00,100410.41009765625,96076.71014648437,-0.0007752153987590216
2023-08-18 09:30:00-04:00,100410.41009765625,96076.71014648437,0.0
2023-08-19 09:30:00-04:00,100410.41009765625,96076.71014648437,0.0
2023-08-21 09:30:00-04:00,100488.51007324219,96076.71014648437,0.0007778075551128083
2023-08-22 09:30:00-04:00,100469.21014648437,96076.71014648437,-0.00019206103009927755
2023-08-23 09:30:00-04:00,100523.61017089844,96076.71014648437,0.0005414596604744748
2023-08-24 09:30:00-04:00,100463.51007324219,96076.71014648437,-0.0005978704659937994
2023-08-25 09:30:00-04:00,100463.51007324219,96076.71014648437,0.0
2023-08-26 09:30:00-04:00,100463.51007324219,96076.71014648437,0.0
2023-08-28 09:30:00-04:00,100503.21008544922,96076.71014648437,0.0003951684763761065
2023-08-29 09:30:00-04:00,100571.81024414062,96076.71014648437,0.0006825668417265174
2023-08-30 09:30:00-04:00,100593.21008544922,96076.71014648437,0.00021278170549621223
2023-08-31 09:30:00-04:00,100608.41028076172,96076.71014648437,0.0001511055795873073
2023-09-01 09:30:00-04:00,100608.41028076172,96076.71014648437,0.0
2023-09-02 09:30:00-04:00,100608.41028076172,96076.71014648437,0.0
2023-09-05 09:30:00-04:00,100560.71008544922,96076.71014648437,-0.0004741173742770499
2023-09-06 09:30:00-04:00,100507.81,96076.71014648437,-0.000526051232178748
2023-09-07 09:30:00-04:00,100525.71008544922,96076.71014648437,0.00017809646284416836
2023-09-08 09:30:00-04:00,100525.71008544922,96076.71014648437,0.0
2023-09-09 09:30:00-04:00,100525.71008544922,96076.71014648437,0.0
2023-09-11 09:30:00-04:00,100546.21026855469,96076.71014648437,0.0002039297517824057
2023-09-12 09:30:00-04:00,100538.9101586914,96076.71014648437,-7.260452526036687e-05
2023-09-13 09:30:00-04:00,100567.41021972656,96076.71014648437,0.0002834729458491836
2023-09-14 09:30:00-04:00,100548.11029296875,96076.71014648437,-0.00019191034864718404
2023-09-15 09:30:00-04:00,100548.11029296875,96076.71014648437,0.0
2023-09-16 09:30:00-04:00,100548.11029296875,96076.71014648437,0.0
2023-09-18 09:30:00-04:00,100503.51007324219,96076.71014648437,-0.000443570939290705
2023-09-19 09:30:00-04:00,100516.81024414062,96076.71014648437,0.00013233538698043112
2023-09-20 09:30:00-04:00,100433.71026855469,96076.71014648437,-0.0008267271452814251
2023-09-21 09:30:00-04:00,100401.21026855469,96076.71014648437,-0.00032359652862667954
2023-09-22 09:30:00-04:00,100401.21026855469,96076.71014648437,0.0
2023-09-23 09:30:00-04:00,100401.21026855469,96076.71014648437,0.0
2023-09-25 09:30:00-04:00,100367.61010986328,96076.71014648437,-0.00033465890103845375
2023-09-26 09:30:00-04:00,100347.61010986328,96076.71014648437,-0.00019926747262499767
2023-09-27 09:30:00-04:00,100331.51025634765,96076.71014648437,-0.00016044082662258763
2023-09-28 09:30:00-04:00,100393.41028076172,96076.71014648437,0.0006169549751211534
2023-09-29 09:30:00-04:00,100393.41028076172,96076.71014648437,0.0
2023-09-30 09:30:00-04:00,100393.41028076172,96076.71014648437,0.0
2023-10-02 09:30:00-04:00,100327.31012207031,96076.71014648437,-0.0006584113290558635
2023-10-03 09:30:00-04:00,100297.41021972656,96076.71014648437,-0.00029802356215247183
2023-10-04 09:30:00-04:00,100320.31,96076.71014648437,0.00022831875941031754
2023-10-05 09:30:00-04:00,100296.4101586914,96076.71014648437,-0.00023823532152755789
2023-10-06 09:30:00-04:00,100296.4101586914,96076.71014648437,0.0
2023-10-07 09:30:00-04:00,100296.4101586914,96076.71014648437,0.0
2023-10-09 09:30:00-04:00,100406.11017089844,96076.71014648437,0.001093758111915033
2023-10-10 09:30:00-04:00,100433.11029296875,96076.71014648437,0.0002689091532812604
2023-10-11 09:30:00-04:00,100446.21026855469,96076.71014648437,0.00013043482918861926
2023-10-12 09:30:00-04:00,100428.81006103515,96076.71014648437,-0.00017322910912231926
2023-10-13 09:30:00-04:00,100428.81006103515,96076.71014648437,0.0
2023-10-14 09:30:00-04:00,100428.81006103515,96076.71014648437,0.0
2023-10-16 09:30:00-04:00,100404.81012207031,96076.71014648437,-0.00023897464233879617
2023-10-17 09:30:00-04:00,100418.61017089844,96076.71014648437,0.00013744410064964185
2023-10-18 09:30:00-04:00,100386.21026855469,96076.71014648437,-0.0003226483844838146
2023-10-19 09:30:00-04:00,100336.51025634765,96076.71014648437,-0.0004950880412167846
2023-10-20 09:30:00-04:00,100336.51025634765,96076.71014648437,0.0
2023-10-21 09:30:00-04:00,100336.51025634765,96076.71014648437,0.0
2023-10-23 09:30:00-04:00,100303.21008544922,96076.71014648437,-0.0003318848823161691
2023-10-24 09:30:00-04:00,100295.61029296875,96076.71014648437,-7.576818801702245e-05
2023-10-25 09:30:00-04:00,100241.21026855469,96076.71014648437,-0.0005423968631843579
2023-10-26 09:30:00-04:00,100218.61017089844,96076.71014648437,-0.0002254571507637193
2023-10-27 09:30:00-04:00,100218.61017089844,96076.71014648437,0.0
2023-10-28 09:30:00-04:00,100218.61017089844,96076.71014648437,0.0
2023-10-30 09:30:00-04:00,100238.51007324219,96076.71014648437,0.00019856494028225313
2023-10-31 09:30:00-04:00,100268.71026855469,96076.71014648437,0.0003012833619577826
2023-11-01 09:30:00-04:00,100342.51001220703,96076.71014648437,0.0007360196760752835
2023-11-02 09:30:00-04:00,100408.11029296875,96076.71014648437,0.0006537636018246751
2023-11-03 09:30:00-04:00,100408.11029296875,96076.71014648437,0.0
2023-11-04 09:30:00-04:00,100408.11029296875,96076.71014648437,0.0
2023-11-06 09:30:00-05:00,100431.4101586914,96076.71014648437,0.00023205163063688694
2023-11-07 09:30:00-05:00,100433.61017089844,96076.71014648437,2.1905619004503052e-05
2023-11-08 09:30:00-05:00,100452.21002441406,96076.71014648437,0.0001851955085949708
2023-11-09 09:30:00-05:00,100461.01007324219,96076.71014648437,8.760433270693646e-05
2023-11-10 09:30:00-05:00,100436.51025634765,96076.71014648437,-0.00024387388576596614
2023-11-11 09:30:00-05:00,100436.51025634765,96076.71014648437,0.0
2023-11-13 09:30:00-05:00,100469.01025634765,96076.71014648437,0.00032358750734218233
2023-11-14 09:30:00-05:00,100539.91021972656,96076.71014648437,0.0007056898758930341
2023-11-15 09:30:00-05:00,100577.81,96076.71014648437,0.00037696254343777547
2023-11-16 09:30:00-05:00,100568.9101586914,96076.71014648437,-8.848712562536942e-05
2023-11-17 09:30:00-05:00,100579.11004882812,96076.71014648437,0.00010142190186424038
2023-11-18 09:30:00-05:00,100579.11004882812,96076.71014648437,0.0
2023-11-20 09:30:00-05:00,100582.01013427734,96076.71014648437,2.88338746268213e-05
2023-11-21 09:30:00-05:00,100608.51007324219,96076.71014648437,0.00026346599088111766
2023-11-22 09:30:00-05:00,100626.51025634765,96076.71014648437,0.00017891312665652137
2023-11-23 09:30:00-05:00,100626.51025634765,96076.71014648437,0.0
2023-11-24 09:30:00-05:00,100627.41021972656,96076.71014648437,8.943601210287255e-06
2023-11-25 09:30:00-05:00,100627.41021972656,96076.71014648437,0.0
2023-11-27 09:30:00-05:00,100623.21008544922,96076.71014648437,-4.173946510366289e-05
2023-11-28 09:30:00-05:00,100617.51001220703,96076.71014648437,-5.6647698253198264e-05
2023-11-29 09:30:00-05:00,100648.21008544922,96076.71014648437,0.0003051166068257505
2023-11-30 09:30:00-05:00,100631.51025634765,96076.71014648437,-0.00016592276293225794
2023-12-01 09:30:00-05:00,100634.41003662109,96076.71014648437,2.8815827826100815e-05
2023-12-02 09:30:00-05:00,100634.41003662109,96076.71014648437,0.0
2023-12-04 09:30:00-05:00,100632.71020751953,96076.71014648437,-1.689113197900216e-05
2023-12-05 09:30:00-05:00,100629.31024414062,96076.71014648437,-3.378586715885312e-05
2023-12-06 09:30:00-05:00,100664.81012207031,96076.71014648437,0.00035277870675609613
2023-12-07 09:30:00-05:00,100645.81018310547,96076.71014648437,-0.0001887445964662282
2023-12-08 09:30:00-05:00,100651.31006103515,96076.71014648437,5.464587069914373e-05
2023-12-09 09:30:00-05:00,100651.31006103515,96076.71014648437,0.0
2023-12-11 09:30:00-05:00,100673.61017089844,96076.71014648437,0.0002215580686406593
2023-12-12 09:30:00-05:00,100693.0101953125,96076.71014648437,0.00019270218263889305
2023-12-13 09:30:00-05:00,100721.61004882812,96076.71014648437,0.0002840301770714593
2023-12-14 09:30:00-05:00,100801.71014648437,96076.71014648437,0.0007952622840066148
2023-12-15 09:30:00-05:00,100771.61004882812,96076.71014648437,-0.0002986070138344399
2023-12-16 09:30:00-05:00,100771.61004882812,96076.71014648437,0.0
2023-12-18 09:30:00-05:00,100805.57025634765,96095.77014648437,0.0003370017359360933
2023-12-19 09:30:00-05:00,100821.07013427734,96095.77014648437,0.00015376013339607475
2023-12-20 09:30:00-05:00,100835.37006103515,96095.77014648437,0.00014183470517381558
2023-12-21 09:30:00-05:00,100809.07001220703,96095.77014648437,-0.0002608216622025372
2023-12-22 09:30:00-05:00,100834.37,96095.77014648437,0.00025096936009738613
2023-12-23 09:30:00-05:00,100834.37,96095.77014648437,0.0
2023-12-26 09:30:00-05:00,100836.47021972656,96095.77014648437,2.0828411250617407e-05
2023-12-27 09:30:00-05:00,100850.17017089843,96095.77014648437,0.00013586305770152407
2023-12-28 09:30:00-05:00,100864.5701953125,96095.77014648437,0.00014278631746145187
2023-12-29 09:30:00-05:00,100860.67004882812,96095.77014648437,-3.866716010214599e-05
2023-12-30 09:30:00-05:00,100860.67004882812,96095.77014648437,0.0
2024-01-02 09:30:00-05:00,100817.37018310546,96095.77014648437,-0.0004293037682745471
2024-01-03 09:30:00-05:00,100800.07007324218,96095.77014648437,-0.0001715985036294665
2024-01-04 09:30:00-05:00,100778.77002441406,96095.77014648437,-0.00021130986131900897
2024-01-05 09:30:00-05:00,100770.67004882812,96095.77014648437,-8.037382857495334e-05
2024-01-06 09:30:00-05:00,100770.67004882812,96095.77014648437,0.0
2024-01-08 09:30:00-05:00,100780.07007324218,96095.77014648437,9.328135269437432e-05
2024-01-09 09:30:00-05:00,100814.47009765625,96095.77014648437,0.00034133757189347413
2024-01-10 09:30:00-05:00,100837.37018310546,96095.77014648437,0.00022715077931811933
2024-01-11 09:30:00-05:00,100871.67010986328,96095.77014648437,0.0003401509449871831
2024-01-12 09:30:00-05:00,100874.17010986328,96095.77014648437,2.478396558003304e-05
2024-01-13 09:30:00-05:00,100874.17010986328,96095.77014648437,0.0
2024-01-16 09:30:00-05:00,100848.37024414062,96095.77014648437,-0.0002557628547977808
2024-01-17 09:30:00-05:00,100813.97021972656,96095.77014648437,-0.0003411063989510188
2024-01-18 09:30:00-05:00,100835.87024414062,96095.77014648437,0.0002172320400271044
2024-01-19 09:30:00-05:00,100872.27008544921,96095.77014648437,0.0003609810796540991
2024-01-20 09:30:00-05:00,100872.27008544921,96095.77014648437,0.0
2024-01-22 09:30:00-05:00,100935.87024414062,96095.77014648437,0.0006305019073877816
2024-01-23 09:30:00-05:00,100935.87024414062,96095.77014648437,0.0
2024-01-24 09:30:00-05:00,100973.87012207031,96095.77014648437,0.0003764754575135143
2024-01-25 09:30:00-05:00,100971.57001220703,96095.77014648437,-2.2779258242788814e-05
2024-01-26 09:30:00-05:00,100971.67010986328,96095.77014648437,9.913449521281592e-07
2024-01-27 09:30:00-05:00,100971.67010986328,96095.77014648437,0.0
2024-01-29 09:30:00-05:00,100973.07025634765,96095.77014648437,1.3866726011890762e-05
2024-01-30 09:30:00-05:00,101001.37012207031,96095.77014648437,0.00028027141940722977
2024-01-31 09:30:00-05:00,100981.97009765625,96095.77014648437,-0.00019207684401323366
2024-02-01 09:30:00-05:00,100942.0701953125,96095.77014648437,-0.00039511907229738963
2024-02-02 09:30:00-05:00,100992.27008544921,96095.77014648437,0.0004973138557549106
2024-02-03 09:30:00-05:00,100992.27008544921,96095.77014648437,0.0
2024-02-05 09:30:00-05:00,101032.77026855468,96095.77014648437,0.00040102260372210097
2024-02-06 09:30:00-05:00,101030.97003662109,96095.77014648437,-1.7818297259442062e-05
2024-02-07 09:30:00-05:00,101058.67023193359,96095.77014648437,0.00027417528805728786
2024-02-08 09:30:00-05:00,101076.77020751953,96095.77014648437,0.0001791036389495737
2024-02-09 09:30:00-05:00,101084.17010986328,96095.77014648437,7.321071229871023e-05
2024-02-10 09:30:00-05:00,101084.17010986328,96095.77014648437,0.0
2024-02-12 09:30:00-05:00,101107.47028076171,96095.77014648437,0.0002305026679558786
2024-02-13 09:30:00-05:00,101041.07013427734,96095.77014648437,-0.0006567283930651868
2024-02-14 09:30:00-05:00,101063.67023193359,96095.77014648437,0.000223672390110341
2024-02-15 09:30:00-05:00,101088.67023193359,96095.77014648437,0.0002473688115880446
2024-02-16 09:30:00-05:00,101112.77026855468,96095.77014648437,0.00023840492278504044
2024-02-17 09:30:00-05:00,101112.77026855468,96095.77014648437,0.0
2024-02-20 09:30:00-05:00,101072.9701586914,96095.77014648437,-0.0003936210011611374
2024-02-21 09:30:00-05:00,101049.97028076171,96095.77014648437,-0.0002275571588880032
2024-02-22 09:30:00-05:00,101135.87024414062,96095.77014648437,0.0008500741082875241
2024-02-23 09:30:00-05:00,101188.47003662109,96095.77014648437,0.0005200903730149253
2024-02-24 09:30:00-05:00,101188.47003662109,96095.77014648437,0.0
2024-02-26 09:30:00-05:00,101178.77002441406,96095.77014648437,-9.586084465473821e-05
2024-02-27 09:30:00-05:00,101162.77026855468,96095.77014648437,-0.0001581335279675633
2024-02-28 09:30:00-05:00,101149.07001220703,96095.77014648437,-0.00013542784871634073
2024-02-29 09:30:00-05:00,101176.47021972656,96095.77014648437,0.0002708893667160428
2024-03-01 09:30:00-05:00,101185.57025634765,96095.77014648437,8.994222274538721e-05
2024-03-02 09:30:00-05:00,101185.57025634765,96095.77014648437,0.0
2024-03-04 09:30:00-05:00,101216.07043945312,96095.77014648437,0.00030142818811218497
2024-03-05 09:30:00-05:00,101198.17004882812,96095.77014648437,-0.00017685324620175802
2024-03-06 09:30:00-05:00,101201.27002441406,96095.77014648437,3.0632723738488465e-05
2024-03-07 09:30:00-05:00,101227.17029296875,96095.77014648437,0.0002559282956473563
2024-03-08 09:30:00-05:00,101250.37036621093,96095.77014648437,0.0002291882028810921
2024-03-09 09:30:00-05:00,101250.37036621093,96095.77014648437,0.0
2024-03-11 09:30:00-04:00,101230.27026855468,96095.77014648437,-0.00019851875685539255
2024-03-12 09:30:00-04:00,101266.87,96095.77014648437,0.00036154928114107143
2024-03-13 09:30:00-04:00,101265.46985351562,96095.77014648437,-1.382630355195591e-05
2024-03-14 09:30:00-04:00,101197.87006103515,96095.77014648437,-0.0006675502772884867
2024-03-15 09:30:00-04:00,101197.87006103515,96095.77014648437,0.0
2024-03-16 09:30:00-04:00,101197.87006103515,96095.77014648437,0.0
2024-03-18 09:30:00-04:00,101217.270390625,96095.77014648437,0.0001917068963817048
2024-03-19 09:30:00-04:00,101253.47034179687,96095.77014648437,0.0003576459929433007
2024-03-20 09:30:00-04:00,101329.67029296875,96095.77014648437,0.0007525663161436213
2024-03-21 09:30:00-04:00,101316.87,96095.77014648437,-0.0001263232469990161
2024-03-22 09:30:00-04:00,101316.87,96095.77014648437,0.0
2024-03-23 09:30:00-04:00,101316.87,96095.77014648437,0.0
2024-03-25 09:30:00-04:00,101308.06995117187,96095.77014648437,-8.68566984760788e-05
2024-03-26 09:30:00-04:00,101312.87036621093,96095.77014648437,4.738433020556876e-05
2024-03-27 09:30:00-04:00,101327.87036621093,96095.77014648437,0.0001480562138431729
2024-03-28 09:30:00-04:00,101327.87036621093,96095.77014648437,0.0
2024-03-29 09:30:00-04:00,101327.87036621093,96095.77014648437,0.0
2024-04-01 09:30:00-04:00,101278.17004882812,96095.77014648437,-0.0004904901011261176
2024-04-02 09:30:00-04:00,101272.96985351562,96095.77014648437,-5.134566817299735e-05
2024-04-03 09:30:00-04:00,101330.97034179687,96095.77014648437,0.0005727144011391516
2024-04-04 09:30:00-04:00,101240.37036621093,96095.77014648437,-0.0008940995559436615
2024-04-05 09:30:00-04:00,101240.37036621093,96095.77014648437,0.0
2024-04-06 09:30:00-04:00,101240.37036621093,96095.77014648437,0.0
2024-04-08 09:30:00-04:00,101300.77014648437,96095.77014648437,0.0005965977806576817
2024-04-09 09:30:00-04:00,101230.56995117187,96095.77014648437,-0.0006929877750286861
2024-04-10 09:30:00-04:00,101252.57007324218,96095.77014648437,0.00021732686164788184
2024-04-11 09:30:00-04:00,101239.47009765625,96095.77014648437,-0.0001293791908340003
2024-04-12 09:30:00-04:00,101239.47009765625,96095.77014648437,0.0
2024-04-13 09:30:00-04:00,101239.47009765625,96095.77014648437,0.0
2024-04-15 09:30:00-04:00,101145.17017089843,96095.77014648437,-0.0009314541716471947
2024-04-16 09:30:00-04:00,101156.27002441406,96095.77014648437,0.00010974180474332407
2024-04-17 09:30:00-04:00,101115.57025634765,96095.77014648437,-0.000402345480478683
2024-04-18 09:30:00-04:00,101090.17017089843,96095.77014648437,-0.0002511985580937459
2024-04-19 09:30:00-04:00,101090.17017089843,96095.77014648437,0.0
2024-04-20 09:30:00-04:00,101090.17017089843,96095.77014648437,0.0
2024-04-22 09:30:00-04:00,101113.57013427734,96095.77014648437,0.00023147614985075116
2024-04-23 09:30:00-04:00,101161.37012207031,96095.77014648437,0.00047273563508332117
2024-04-24 09:30:00-04:00,101087.57007324218,96095.77014648437,-0.0007295279684238487
2024-04-25 09:30:00-04:00,101159.27020751953,96095.77014648437,0.000709287345866505
2024-04-26 09:30:00-04:00,101159.27020751953,96095.77014648437,0.0
2024-04-27 09:30:00-04:00,101159.27020751953,96095.77014648437,0.0
2024-04-29 09:30:00-04:00,101181.37012207031,96095.77014648437,0.00021846652813373169
2024-04-30 09:30:00-04:00,101109.5701953125,96095.77014648437,-0.0007096160752833036
2024-05-01 09:30:00-04:00,101137.27008544921,96095.77014648437,0.0002739591324858459
2024-05-02 09:30:00-04:00,101207.37018310546,96095.77014648437,0.0006931183489233828
2024-05-03 09:30:00-04:00,101207.37018310546,96095.77014648437,0.0
2024-05-04 09:30:00-04:00,101207.37018310546,96095.77014648437,0.0
2024-05-06 09:30:00-04:00,101271.37012207031,96095.77014648437,0.0006323644103098935
2024-05-07 09:30:00-04:00,101248.37024414062,96095.77014648437,-0.00022711135340580668
2024-05-08 09:30:00-04:00,101269.5701953125,96095.77014648437,0.0002093856041411879
2024-05-09 09:30:00-04:00,101313.87012207031,96095.77014648437,0.000437445588762575
2024-05-10 09:30:00-04:00,101313.87012207031,96095.77014648437,0.0
2024-05-11 09:30:00-04:00,101313.87012207031,96095.77014648437,0.0
2024-05-13 09:30:00-04:00,101306.87,96095.77014648437,-6.909342286376408e-05
2024-05-14 09:30:00-04:00,101354.07031738281,96095.77014648437,0.000465914279878632
2024-05-15 09:30:00-04:00,101394.5701953125,96095.77014648437,0.00039958807577100686
2024-05-16 09:30:00-04:00,101383.87012207031,96095.77014648437,-0.00010552905566418858
2024-05-17 09:30:00-04:00,101383.87012207031,96095.77014648437,0.0
2024-05-18 09:30:00-04:00,101383.87012207031,96095.77014648437,0.0
2024-05-20 09:30:00-04:00,101388.57043945312,96095.77014648437,4.6361589640886436e-05
2024-05-21 09:30:00-04:00,101402.270390625,96095.77014648437,0.00013512323048336938
2024-05-22 09:30:00-04:00,101425.37036621093,96095.77014648437,0.00022780530945665234
2024-05-23 09:30:00-04:00,101374.26990234375,96095.77014648437,-0.0005038232907869089
2024-05-24 09:30:00-04:00,101374.26990234375,96095.77014648437,0.0
2024-05-25 09:30:00-04:00,101374.26990234375,96095.77014648437,0.0
2024-05-28 09:30:00-04:00,101352.57007324218,96095.77014648437,-0.00021405657591877514
2024-05-29 09:30:00-04:00,101340.97034179687,96095.77014648437,-0.0001144493073725883
2024-05-30 09:30:00-04:00,101331.67041503906,96095.77014648437,-9.176867683868828e-05
2024-05-31 09:30:00-04:00,101331.67041503906,96095.77014648437,0.0
2024-06-01 09:30:00-04:00,101331.67041503906,96095.77014648437,0.0
2024-06-03 09:30:00-04:00,101360.37036621093,96095.77014648437,0.00028322785023005004
2024-06-04 09:30:00-04:00,101403.47034179687,96095.77014648437,0.0004252152535573206
2024-06-05 09:30:00-04:00,101445.56995117187,96095.77014648437,0.00041516931553808867
2024-06-06 09:30:00-04:00,101432.36987792968,96095.77014648437,-0.0001301197602668891
2024-06-07 09:30:00-04:00,101432.36987792968,96095.77014648437,0.0
2024-06-08 09:30:00-04:00,101432.36987792968,96095.77014648437,0.0
2024-06-10 09:30:00-04:00,101436.47021972656,96095.77014648437,4.042439116624941e-05
2024-06-11 09:30:00-04:00,101512.0701953125,96095.77014648437,0.000745293831914573
2024-06-12 09:30:00-04:00,101527.270390625,96095.77014648437,0.000149737812294104
2024-06-13 09:30:00-04:00,101504.5701953125,96095.77014648437,-0.0002235871724430849
2024-06-14 09:30:00-04:00,101504.5701953125,96095.77014648437,0.0
2024-06-15 09:30:00-04:00,101504.5701953125,96095.77014648437,0.0
2024-06-17 09:30:00-04:00,101567.36987792968,96095.77014648437,0.000618688227498998
2024-06-18 09:30:00-04:00,101567.36987792968,96095.77014648437,0.0
2024-06-19 09:30:00-04:00,101590.17017089843,96095.77014648437,0.0002244844283765257
2024-06-20 09:30:00-04:00,101539.770390625,96095.77014648437,-0.000496108828134223
2024-06-21 09:30:00-04:00,101539.770390625,96095.77014648437,0.0
2024-06-22 09:30:00-04:00,101539.770390625,96095.77014648437,0.0
2024-06-24 09:30:00-04:00,101535.67004882812,96095.77014648437,-4.038163353237145e-05
2024-06-25 09:30:00-04:00,101532.67017089843,96095.77014648437,-2.954506458907602e-05
2024-06-26 09:30:00-04:00,101549.47009765625,96095.77014648437,0.00016546326152488966
2024-06-27 09:30:00-04:00,101567.36987792968,96095.77014648437,0.0001762666044069494
2024-06-28 09:30:00-04:00,101567.36987792968,96095.77014648437,0.0
2024-06-29 09:30:00-04:00,101567.36987792968,96095.77014648437,0.0
2024-07-01 09:30:00-04:00,101532.77026855468,96095.77014648437,-0.00034065674257965917
2024-07-02 09:30:00-04:00,101582.67017089843,96095.77014648437,0.0004914659790309361
2024-07-03 09:30:00-04:00,101582.67017089843,96095.77014648437,0.0
2024-07-04 09:30:00-04:00,101613.47034179687,96095.77014648437,0.0003032030054597179
2024-07-05 09:30:00-04:00,101613.47034179687,96095.77014648437,0.0
2024-07-06 09:30:00-04:00,101613.47034179687,96095.77014648437,0.0
2024-07-08 09:30:00-04:00,101658.37024414062,96095.77014648437,0.00044186958867475923
2024-07-09 09:30:00-04:00,101666.47021972656,96095.77014648437,7.967839309719338e-05
2024-07-10 09:30:00-04:00,101710.17017089843,96095.77014648437,0.00042983641585503385
2024-07-11 09:30:00-04:00,101672.0701953125,96095.77014648437,-0.0003745935683906465
2024-07-12 09:30:00-04:00,101672.0701953125,96095.77014648437,0.0
2024-07-13 09:30:00-04:00,101672.0701953125,96095.77014648437,0.0
2024-07-15 09:30:00-04:00,101724.47009765625,96095.77014648437,0.0005153814832636883
2024-07-16 09:30:00-04:00,101683.77002441406,96095.77014648437,-0.00040010110844634905
2024-07-17 09:30:00-04:00,101680.87024414062,96095.77014648437,-2.8517631405100552e-05
2024-07-18 09:30:00-04:00,101619.96997558593,96095.77014648437,-0.0005989353593105484
2024-07-19 09:30:00-04:00,101619.96997558593,96095.77014648437,0.0
2024-07-20 09:30:00-04:00,101619.96997558593,96095.77014648437,0.0
2024-07-22 09:30:00-04:00,101641.16992675781,96095.77014648437,0.0002086199314659254
2024-07-23 09:30:00-04:00,101584.37,96095.77014648437,-0.0005588279512991345
2024-07-24 09:30:00-04:00,101509.26990234375,96095.77014648437,-0.0007392879205359026
2024-07-25 09:30:00-04:00,101518.57043945312,96095.77014648437,9.162253967853751e-05
2024-07-26 09:30:00-04:00,101518.57043945312,96095.77014648437,0.0
2024-07-27 09:30:00-04:00,101518.57043945312,96095.77014648437,0.0
2024-07-29 09:30:00-04:00,101558.37024414062,96095.77014648437,0.0003920445738667677
2024-07-30 09:30:00-04:00,101585.56995117187,96095.77014648437,0.00026782339029129965
2024-07-31 09:30:00-04:00,101621.47021972656,96095.77014648437,0.0003533992925564
2024-08-01 09:30:00-04:00,101453.27014648437,96095.77014648437,-0.0016551627611616215
2024-08-02 09:30:00-04:00,101453.27014648437,96095.77014648437,0.0
2024-08-03 09:30:00-04:00,101453.27014648437,96095.77014648437,0.0
2024-08-05 09:30:00-04:00,101287.96985351562,96095.77014648437,-0.0016293244439541388
2024-08-06 09:30:00-04:00,101380.46985351562,96095.77014648437,0.0009132377727953944
2024-08-07 09:30:00-04:00,101334.86987792968,96095.77014648437,-0.00044979053314531114
2024-08-08 09:30:00-04:00,101393.87012207031,96095.77014648437,0.0005822304228713104
2024-08-09 09:30:00-04:00,101393.87012207031,96095.77014648437,0.0
2024-08-10 09:30:00-04:00,101393.87012207031,96095.77014648437,0.0
2024-08-12 09:30:00-04:00,101461.07043945312,96095.77014648437,0.0006627650892692127
2024-08-13 09:30:00-04:00,101524.26990234375,96095.77014648437,0.0006228937129963974
2024-08-14 09:30:00-04:00,101590.77014648437,96095.77014648437,0.0006550181961868518
2024-08-15 09:30:00-04:00,101609.96997558593,96095.77014648437,0.0001889918648503297
2024-08-16 09:30:00-04:00,101609.96997558593,96095.77014648437,0.0
2024-08-17 09:30:00-04:00,101609.96997558593,96095.77014648437,0.0
2024-08-19 09:30:00-04:00,101687.270390625,96095.77014648437,0.0007607562039200211
2024-08-20 09:30:00-04:00,101693.47034179687,96095.77014648437,6.097076997013673e-05
2024-08-21 09:30:00-04:00,101721.37012207031,96095.77014648437,0.0002743517374288462
2024-08-22 09:30:00-04:00,101691.07043945312,96095.77014648437,-0.0002978693914643671
2024-08-23 09:30:00-04:00,101691.07043945312,96095.77014648437,0.0
2024-08-24 09:30:00-04:00,101691.07043945312,96095.77014648437,0.0
2024-08-26 09:30:00-04:00,101690.67004882812,96095.77014648437,-3.937323338920606e-06
2024-08-27 09:30:00-04:00,101707.87036621093,96095.77014648437,0.00016914351507923975
2024-08-28 09:30:00-04:00,101698.87012207031,96095.77014648437,-8.849112766018408e-05
2024-08-29 09:30:00-04:00,101703.47034179687,96095.77014648437,4.5233734859095875e-05
2024-08-30 09:30:00-04:00,101703.47034179687,96095.77014648437,0.0
2024-08-31 09:30:00-04:00,101703.47034179687,96095.77014648437,0.0
2024-09-03 09:30:00-04:00,101597.77026855468,96095.77014648437,-0.0010392966226910882
2024-09-04 09:30:00-04:00,101604.67029296875,96095.77014648437,6.791511659964833e-05
2024-09-05 09:30:00-04:00,101595.17017089843,96095.77014648437,-9.350084049208895e-05
2024-09-06 09:30:00-04:00,101595.17017089843,96095.77014648437,0.0
2024-09-07 09:30:00-04:00,101595.17017089843,96095.77014648437,0.0
2024-09-09 09:30:00-04:00,101579.37,96095.77014648437,-0.0001555208861981905
2024-09-10 09:30:00-04:00,101582.77026855468,96095.77014648437,3.347400712061521e-05
2024-09-11 09:30:00-04:00,101645.87024414062,96095.77014648437,0.0006211680919816498
2024-09-12 09:30:00-04:00,101692.87036621093,96095.77014648437,0.0004623908670113863
2024-09-13 09:30:00-04:00,101692.87036621093,96095.77014648437,0.0
2024-09-14 09:30:00-04:00,101692.87036621093,96095.77014648437,0.0
2024-09-16 09:30:00-04:00,101746.76990234375,96095.77014648437,0.0005300227630384846
2024-09-17 09:30:00-04:00,101733.17004882812,96095.77014648437,-0.00013366373722412117
2024-09-18 09:30:00-04:00,101805.87024414062,96095.77014648437,0.0007146164351077289
2024-09-19 09:30:00-04:00,101774.17041503906,96095.77014648437,-0.00031137525788582643
2024-09-20 09:30:00-04:00,101774.17041503906,96095.77014648437,0.0
2024-09-21 09:30:00-04:00,101774.17041503906,96095.77014648437,0.0
2024-09-23 09:30:00-04:00,101800.56995117187,96095.77014648437,0.0002593932824521694
2024-09-24 09:30:00-04:00,101807.17029296875,96095.77014648437,6.483600042761495e-05
2024-09-25 09:30:00-04:00,101839.5701953125,96095.77014648437,0.00031824774473654394
2024-09-26 09:30:00-04:00,101829.67029296875,96095.77014648437,-9.721076321078659e-05
2024-09-27 09:30:00-04:00,101829.67029296875,96095.77014648437,0.0
2024-09-28 09:30:00-04:00,101829.67029296875,96095.77014648437,0.0
2024-09-30 09:30:00-04:00,101829.770390625,96095.77014648437,9.829910669889586e-07
2024-10-01 09:30:00-04:00,101772.87036621093,96095.77014648437,-0.0005587759276662885
2024-10-02 09:30:00-04:00,101769.37,96095.77014648437,-3.4393902798912634e-05
2024-10-03 09:30:00-04:00,101819.26990234375,96095.77014648437,0.0004903233884985259
2024-10-04 09:30:00-04:00,101819.26990234375,96095.77014648437,0.0
2024-10-05 09:30:00-04:00,101819.26990234375,96095.77014648437,0.0
2024-10-07 09:30:00-04:00,101799.96997558593,96095.77014648437,-0.00018955082644300791
2024-10-08 09:30:00-04:00,101827.36987792968,96095.77014648437,0.00026915432637486525
2024-10-09 09:30:00-04:00,101853.47034179687,96095.77014648437,0.00025632071120451627
2024-10-10 09:30:00-04:00,101856.27002441406,96095.77014648437,2.7487356177413602e-05
2024-10-11 09:30:00-04:00,101856.27002441406,96095.77014648437,0.0
2024-10-12 09:30:00-04:00,101856.27002441406,96095.77014648437,0.0
2024-10-14 09:30:00-04:00,101941.67041503906,96095.77014648437,0.0008384401922878482
2024-10-15 09:30:00-04:00,101893.57043945312,96095.77014648437,-0.00047183821287322125
2024-10-16 09:30:00-04:00,101954.86987792968,96095.77014648437,0.0006016026154760379
2024-10-17 09:30:00-04:00,101936.47021972656,96095.77014648437,-0.000180468654662147
2024-10-18 09:30:00-04:00,101936.47021972656,96095.77014648437,0.0
2024-10-19 09:30:00-04:00,101936.47021972656,96095.77014648437,0.0
2024-10-21 09:30:00-04:00,101906.27002441406,96095.77014648437,-0.0002962648721052119
2024-10-22 09:30:00-04:00,101908.37024414062,96095.77014648437,2.060932782699254e-05
2024-10-23 09:30:00-04:00,101895.56995117187,96095.77014648437,-0.00012560590399079974
2024-10-24 09:30:00-04:00,101910.87024414062,96095.77014648437,0.00015015660618100668
2024-10-25 09:30:00-04:00,101910.87024414062,96095.77014648437,0.0
2024-10-26 09:30:00-04:00,101910.87024414062,96095.77014648437,0.0
2024-10-28 09:30:00-04:00,101894.26990234375,96095.77014648437,-0.000162890786400971
2024-10-29 09:30:00-04:00,101908.66992675781,96095.77014648437,0.00014132320127391296
2024-10-30 09:30:00-04:00,101851.37012207031,96095.77014648437,-0.0005622662402392509
2024-10-31 09:30:00-04:00,101808.97021972656,96095.77014648437,-0.00041629191922443187
2024-11-01 09:30:00-04:00,101808.97021972656,96095.77014648437,0.0
2024-11-02 09:30:00-04:00,101808.97021972656,96095.77014648437,0.0
2024-11-04 09:30:00-05:00,101807.57007324218,96095.77014648437,-1.3752682905598945e-05
2024-11-05 09:30:00-05:00,101803.17004882812,96095.77014648437,-4.32190298903512e-05
2024-11-06 09:30:00-05:00,101987.77026855468,96095.77014648437,0.0018133052206332767
2024-11-07 09:30:00-05:00,102026.57031738281,96095.77014648437,0.00038043824986022656
2024-11-08 09:30:00-05:00,102057.46997558593,96095.77014648437,0.00030285893279557996
2024-11-09 09:30:00-05:00,102057.46997558593,96095.77014648437,0.0
2024-11-11 09:30:00-05:00,102093.87012207031,96095.77014648437,0.0003566632260536551
2024-11-12 09:30:00-05:00,102082.57007324218,96095.77014648437,-0.00011068293144944619
2024-11-13 09:30:00-05:00,102069.47009765625,96095.77014648437,-0.00012832725093558928
2024-11-14 09:30:00-05:00,102068.97021972656,96095.77014648437,-4.897428478978227e-06
2024-11-15 09:30:00-05:00,101992.96985351562,96095.77014648437,-0.000744598148167186
2024-11-16 09:30:00-05:00,101992.96985351562,96095.77014648437,0.0
2024-11-18 09:30:00-05:00,101957.96985351562,96095.77014648437,-0.0003431609065827068
2024-11-19 09:30:00-05:00,101942.87036621093,96095.77014648437,-0.00014809521341374587
2024-11-20 09:30:00-05:00,101999.5701953125,96095.77014648437,0.0005561921976287021
2024-11-21 09:30:00-05:00,102029.770390625,96095.77014648437,0.000296081593821107
2024-11-22 09:30:00-05:00,102032.36987792968,96095.77014648437,2.5477733554879478e-05
2024-11-23 09:30:00-05:00,102032.36987792968,96095.77014648437,0.0
2024-11-25 09:30:00-05:00,102090.97034179687,96095.77014648437,0.0005743320863496049
2024-11-26 09:30:00-05:00,102083.77002441406,96095.77014648437,-7.05284449614707e-05
2024-11-27 09:30:00-05:00,102100.37036621093,96095.77014648437,0.00016261489747981805
2024-11-28 09:30:00-05:00,102100.37036621093,96095.77014648437,0.0
2024-11-29 09:30:00-05:00,102092.36987792968,96095.77014648437,-7.835905249464759e-05
2024-11-30 09:30:00-05:00,102092.36987792968,96095.77014648437,0.0
2024-12-02 09:30:00-05:00,102125.46985351562,96095.77014648437,0.0003242159587979465
2024-12-03 09:30:00-05:00,102129.67029296875,96095.77014648437,4.113018485152331e-05
2024-12-04 09:30:00-05:00,102152.0701953125,96095.77014648437,0.00021932805892244112
2024-12-05 09:30:00-05:00,102172.36987792968,96095.77014648437,0.00019872022738631756
2024-12-06 09:30:00-05:00,102170.17017089843,96095.77014648437,-2.1529372704942595e-05
2024-12-07 09:30:00-05:00,102170.17017089843,96095.77014648437,0.0
2024-12-09 09:30:00-05:00,102172.67017089843,96095.77014648437,2.4468981463243722e-05
2024-12-10 09:30:00-05:00,102149.47009765625,96095.77014648437,-0.00022706730873711667
2024-12-11 09:30:00-05:00,102153.57043945312,96095.77014648437,4.01406076111499e-05
2024-12-12 09:30:00-05:00,102161.57031738281,96095.77014648437,7.831226941235059e-05
2024-12-13 09:30:00-05:00,102159.770390625,96095.77014648437,-1.7618432765043046e-05
2024-12-14 09:30:00-05:00,102159.770390625,96095.77014648437,0.0
2024-12-16 09:30:00-05:00,102155.77014648437,96095.77014648437,-3.915674560861504e-05
2024-12-17 09:30:00-05:00,102137.67017089843,96095.77014648437,-0.00017718015888856797
2024-12-18 09:30:00-05:00,102135.56995117187,96095.77014648437,-2.0562635930976292e-05
2024-12-19 09:30:00-05:00,102009.37,96095.77014648437,-0.0012356121499317307
2024-12-20 09:30:00-05:00,101913.47034179687,96095.77014648437,-0.0009401063667300313
2024-12-21 09:30:00-05:00,101913.47034179687,96095.77014648437,0.0
2024-12-23 09:30:00-05:00,102024.33029296875,96115.43014648437,0.001087785067077851
2024-12-24 09:30:00-05:00,102076.03012207031,96115.43014648437,0.0005067401957268292
2024-12-25 09:30:00-05:00,102076.03012207031,96115.43014648437,0.0
2024-12-26 09:30:00-05:00,102110.43014648437,96115.43014648437,0.00033700394081681573
2024-12-27 09:30:00-05:00,102090.82992675781,96115.43014648437,-0.00019195120124793075
2024-12-28 09:30:00-05:00,102090.82992675781,96115.43014648437,0.0
2024-12-30 09:30:00-05:00,101994.33029296875,96115.43014648437,-0.0009452331209207632
